,Cities,Country,Latitude,Longitude,Temperature (F),Humidity (%),Cloudiness (%),Wind Speed (mph)
0,sidi ali,dz,36.1,0.42,59.22,96.0,44.0,2.71
1,naranjal,py,-25.97,-55.19,59.0,93.0,90.0,9.17
2,portland,au,45.52,-122.67,69.8,35.0,20.0,3.38
3,qaanaaq,gl,77.48,-69.36,26.91,92.0,36.0,2.71
5,soyo,ao,-6.13,12.37,75.51,91.0,92.0,5.5
6,mahebourg,mu,-20.41,57.7,68.0,88.0,75.0,5.82
7,padang,id,-0.92,100.36,84.96,100.0,0.0,0.69
8,zyryanka,ru,65.73,150.89,47.8,52.0,32.0,2.93
9,puerto ayora,ec,-0.74,-90.35,72.81,100.0,0.0,10.2
10,cabo san lucas,mx,22.89,-109.91,91.4,22.0,5.0,11.41
11,norman wells,ca,65.28,-126.83,64.4,45.0,75.0,4.7
13,ponta do sol,pt,-20.63,-46,51.12,81.0,0.0,2.71
14,constitucion,mx,23.99,-104.67,93.2,5.0,75.0,10.29
15,pevek,ru,69.7,170.27,37.08,83.0,0.0,22.17
16,cape town,za,-33.93,18.42,57.2,71.0,75.0,20.8
17,sibu,my,2.29,111.83,78.8,88.0,75.0,3.36
21,aksu,cn,52.04,76.93,60.8,63.0,0.0,8.95
22,pangoa,pe,-12.12,-73,63.72,100.0,56.0,1.59
23,exeter,us,50.73,-3.53,59.0,93.0,75.0,1.12
24,rikitea,pf,-23.12,-134.97,76.6,100.0,80.0,12.44
25,avarua,ck,-21.21,-159.78,75.2,57.0,75.0,14.99
26,albany,au,42.65,-73.75,75.2,78.0,90.0,16.11
27,warrington,us,53.39,-2.59,60.8,93.0,75.0,3.36
28,namibe,ao,-15.19,12.15,71.91,100.0,0.0,11.65
29,punta arenas,cl,-53.16,-70.91,39.2,86.0,20.0,16.11
30,busselton,au,-33.64,115.35,60.4,100.0,0.0,4.94
32,wuchang,cn,44.93,127.16,85.95,40.0,0.0,16.13
33,rawson,ar,-43.3,-65.11,25.3,86.0,0.0,5.73
35,yellowknife,ca,62.45,-114.38,64.4,43.0,75.0,11.41
36,lata,sb,30.78,78.62,61.3,97.0,8.0,1.48
38,clearwater,us,27.97,-82.8,82.4,83.0,1.0,6.51
39,sabinas,mx,27.85,-101.13,90.55,31.0,0.0,13.0
40,mayo,ca,63.59,-135.9,48.2,93.0,90.0,3.36
41,san cristobal,ec,-0.39,-78.55,55.4,82.0,40.0,8.05
43,ribeira grande,pt,38.52,-28.7,68.85,95.0,92.0,15.46
44,ushuaia,ar,-54.81,-68.31,42.8,70.0,40.0,26.4
45,yantal,ru,56.85,105.25,56.89,60.0,36.0,8.08
46,mukhen,ru,48.19,136.14,75.33,66.0,68.0,3.15
48,kaitangata,nz,-46.28,169.85,42.21,77.0,68.0,7.52
49,hay river,ca,60.82,-115.79,66.2,37.0,90.0,12.75
50,burns lake,ca,54.23,-125.76,44.37,100.0,92.0,2.59
52,hermanus,za,-34.42,19.24,50.4,93.0,44.0,11.21
53,georgetown,sh,6.8,-58.16,77.0,94.0,75.0,4.7
54,westport,ie,53.8,-9.52,52.3,99.0,32.0,2.15
55,upernavik,gl,72.79,-56.15,29.35,92.0,48.0,15.57
57,sibolga,id,1.74,98.78,79.83,84.0,0.0,1.7
59,nha trang,vn,12.24,109.19,80.46,100.0,88.0,3.38
60,barrow,us,-38.31,-60.23,40.41,87.0,44.0,6.06
61,namatanai,pg,-3.66,152.44,82.81,100.0,48.0,5.39
63,narsaq,gl,60.91,-46.05,42.8,75.0,92.0,4.7
65,nanortalik,gl,60.14,-45.24,35.46,93.0,92.0,7.63
68,peniche,pt,39.36,-9.38,59.0,87.0,75.0,13.87
69,tuatapere,nz,-46.13,167.69,42.12,100.0,88.0,1.03
70,atuona,pf,-9.8,-139.03,79.93,100.0,0.0,12.77
71,corinto,ni,-18.36,-44.46,58.86,81.0,0.0,4.16
73,chokurdakh,ru,70.62,147.9,32.31,100.0,88.0,16.46
75,saint-philippe,re,45.36,-73.48,78.8,65.0,75.0,12.75
76,new norfolk,au,-42.78,147.06,48.2,76.0,75.0,12.75
77,chifeng,cn,42.27,118.96,80.46,32.0,32.0,10.76
78,vostok,ru,46.45,135.83,67.6,74.0,92.0,2.71
79,mataura,pf,-46.19,168.86,37.17,83.0,80.0,4.16
81,concordia,mx,-31.4,-58.02,48.42,99.0,76.0,15.23
82,takoradi,gh,4.89,-1.75,79.11,100.0,36.0,5.95
86,mareeba,au,-16.99,145.42,75.2,53.0,20.0,13.87
87,bonnyville,ca,54.27,-110.74,48.2,93.0,90.0,8.05
90,sola,vu,62.78,29.36,53.6,81.0,0.0,4.7
91,praia da vitoria,pt,38.73,-27.07,66.2,88.0,40.0,11.21
95,tautira,pf,-17.73,-149.15,82.4,65.0,75.0,14.99
96,fortuna,us,38.18,-1.13,66.2,82.0,0.0,2.93
98,hobart,au,-42.88,147.33,48.2,76.0,75.0,12.75
99,nibbar,tn,36.29,8.77,64.4,77.0,20.0,2.24
100,fukue,jp,35.03,136.69,69.8,73.0,20.0,6.93
101,guerrero negro,mx,27.97,-114.04,63.19,80.0,0.0,10.98
102,khatanga,ru,71.98,102.47,40.06,100.0,44.0,9.98
106,leningradskiy,ru,69.38,178.42,34.92,89.0,88.0,21.72
110,olinda,br,-2.03,-79.75,73.4,83.0,40.0,13.87
111,tasiilaq,gl,65.61,-37.64,33.8,86.0,68.0,8.05
113,buta,cd,2.79,24.73,72.72,96.0,0.0,2.04
115,bredasdorp,za,-34.53,20.04,44.6,81.0,64.0,6.93
117,brae,gb,60.4,-1.35,51.8,93.0,44.0,5.82
120,jamestown,sh,-33.21,138.6,58.86,51.0,64.0,4.38
124,haines junction,ca,60.75,-137.51,41.58,91.0,92.0,2.48
125,geraldton,ca,49.72,-86.95,50.0,46.0,75.0,11.41
126,codrington,ag,-28.95,153.24,64.81,61.0,0.0,5.61
128,bluff,nz,-23.58,149.07,68.85,31.0,0.0,4.72
129,coahuayana,mx,18.62,-100.35,76.86,59.0,0.0,2.15
131,carnarvon,au,-30.97,22.13,35.37,88.0,88.0,8.75
134,san patricio,mx,-26.98,-56.83,54.27,98.0,100.0,7.74
136,vaini,to,15.34,74.49,76.86,95.0,36.0,2.37
137,banyo,cm,6.75,11.81,64.9,97.0,88.0,3.15
138,dikson,ru,73.51,80.55,26.82,100.0,44.0,12.55
139,nikolskoye,ru,59.7,30.79,53.6,66.0,0.0,6.71
140,mehamn,no,71.03,27.85,40.86,99.0,92.0,13.56
141,mar del plata,ar,-46.43,-67.52,20.7,100.0,0.0,4.5
142,tuktoyaktuk,ca,69.44,-133.03,57.2,70.0,75.0,14.99
144,hithadhoo,mv,-0.6,73.08,84.79,100.0,0.0,15.79
145,astoria,us,46.19,-123.83,60.8,59.0,1.0,9.17
148,airai,pw,-8.93,125.41,79.02,66.0,8.0,2.37
149,seymchan,ru,62.93,152.39,50.4,46.0,56.0,4.72
150,itarema,br,-2.92,-39.92,78.85,84.0,44.0,11.65
154,makakilo city,us,21.35,-158.09,84.2,69.0,90.0,8.05
155,bambous virieux,mu,-20.34,57.76,68.0,88.0,75.0,5.82
156,bilma,ne,18.69,12.92,71.19,24.0,0.0,3.04
157,mapiripan,co,2.89,-72.13,73.26,99.0,76.0,2.93
161,honningsvag,no,70.98,25.97,41.85,98.0,88.0,16.46
162,karratha,au,-20.74,116.85,85.23,35.0,0.0,5.5
163,doha,kw,25.29,51.53,89.6,70.0,0.0,4.7
168,kedougou,sn,12.56,-12.19,75.51,87.0,20.0,3.71
171,komsomolskiy,ru,67.55,63.78,29.8,97.0,80.0,19.15
172,faanui,pf,-16.48,-151.75,79.93,100.0,80.0,9.64
180,haflong,in,25.18,93.03,74.8,94.0,92.0,1.14
181,longyearbyen,sj,78.22,15.63,35.6,93.0,75.0,3.36
182,roseburg,us,43.22,-123.34,78.8,22.0,1.0,9.17
183,saskylakh,ru,71.97,114.09,35.29,100.0,20.0,6.73
187,kapaa,us,22.08,-159.32,80.6,74.0,40.0,12.75
191,havre-saint-pierre,ca,50.23,-63.6,51.8,100.0,90.0,12.75
192,acapulco,mx,16.86,-99.88,86.0,79.0,75.0,6.62
194,sungaipenuh,id,-2.08,101.38,76.6,79.0,12.0,2.04
195,awbari,ly,26.59,12.77,86.58,17.0,92.0,4.72
196,ostrovnoy,ru,68.05,39.51,36.72,99.0,92.0,15.79
197,aripuana,br,-9.17,-60.63,76.95,89.0,0.0,1.03
199,broken hill,au,-31.97,141.45,57.06,70.0,24.0,4.61
200,khani,ru,41.96,42.96,62.6,93.0,90.0,3.36
203,zhangye,cn,38.94,100.46,48.6,89.0,92.0,3.94
206,dunedin,nz,-45.87,170.5,42.31,80.0,0.0,7.4
207,dapaong,tg,10.86,0.2,72.19,95.0,0.0,3.38
209,sinnamary,gf,5.38,-52.96,79.3,100.0,92.0,12.44
212,cherskiy,ru,68.75,161.3,41.05,95.0,92.0,4.16
213,thompson,ca,55.74,-97.86,55.4,30.0,90.0,8.05
217,knysna,za,-34.04,23.05,44.6,87.0,0.0,3.36
218,price,us,39.6,-110.81,71.6,17.0,1.0,16.11
220,arroyo,us,41.39,-78.88,71.6,88.0,40.0,3.15
223,vao,nc,59.1,26.19,53.46,70.0,8.0,6.62
224,victoria,sc,5.28,115.24,78.8,94.0,90.0,4.7
226,madang,pg,-5.21,145.81,84.43,82.0,8.0,3.94
229,atherton,au,53.52,-2.49,60.8,93.0,90.0,5.82
231,castro,cl,-42.48,-73.76,30.06,100.0,0.0,4.38
232,klaksvik,fo,62.23,-6.59,46.4,100.0,90.0,3.36
233,lincoln,nz,53.23,-0.54,62.6,93.0,92.0,2.24
234,juquitiba,br,-23.93,-47.07,69.8,40.0,0.0,6.93
235,angoche,mz,-16.23,39.91,76.6,100.0,8.0,11.54
237,sao filipe,cv,14.9,-24.5,71.82,99.0,0.0,12.21
239,bosobolo,cd,4.19,19.88,69.75,91.0,8.0,2.93
243,milledgeville,us,33.08,-83.23,71.6,100.0,1.0,6.62
244,fernie,ca,49.5,-115.06,55.4,66.0,75.0,11.41
249,goya,ar,-29.14,-59.27,48.51,99.0,88.0,13.56
250,lumeje,ao,-11.56,20.78,57.51,53.0,0.0,8.41
253,port elizabeth,za,39.31,-74.98,78.8,100.0,1.0,5.06
255,sao joao da barra,br,-21.64,-41.05,74.44,99.0,32.0,19.26
259,yeppoon,au,-23.13,150.74,68.0,28.0,0.0,6.93
262,bethel,us,60.79,-161.76,57.2,50.0,90.0,11.41
263,taksimo,ru,56.36,114.84,46.08,100.0,92.0,3.49
266,chuy,uy,-33.69,-53.46,54.19,100.0,88.0,28.1
270,west bay,ky,50.71,-2.76,59.0,93.0,75.0,1.12
272,verona,us,45.44,10.99,66.2,77.0,0.0,1.12
274,ishim,ru,56.11,69.47,45.9,95.0,92.0,4.72
276,charters towers,au,-20.07,146.27,67.06,52.0,0.0,5.17
279,khash,ir,28.22,61.21,77.5,18.0,0.0,2.93
281,mlonggo,id,-6.53,110.7,83.16,85.0,80.0,4.94
284,manosque,fr,43.83,5.78,62.6,93.0,0.0,3.36
286,chunskiy,ru,56.08,99.63,63.72,48.0,12.0,7.96
287,rio grande,br,-32.03,-52.1,55.62,100.0,88.0,25.08
288,najran,sa,17.54,44.22,80.6,44.0,40.0,8.05
289,sao felix do xingu,br,-6.64,-51.99,82.81,54.0,20.0,4.16
296,kenai,us,60.55,-151.26,62.6,39.0,20.0,9.17
297,kyabe,td,9.45,18.94,76.06,84.0,24.0,4.5
302,buluang,ph,10.47,123.98,80.6,88.0,90.0,4.7
303,smithers,ca,54.78,-127.17,55.4,66.0,75.0,8.05
307,ixtapa,mx,20.71,-105.21,84.2,79.0,90.0,8.05
308,gazli,uz,40.13,63.45,79.93,34.0,32.0,9.98
309,hilo,us,19.71,-155.08,73.4,88.0,90.0,5.82
313,poum,nc,41.28,20.71,55.4,87.0,0.0,4.7
314,sitka,us,37.17,-99.65,85.32,28.0,0.0,14.23
316,kruisfontein,za,-34.0,24.73,51.04,99.0,0.0,6.4
317,akdepe,tm,42.05,59.39,68.0,52.0,0.0,13.87
323,ilebo,cd,-4.33,20.59,73.81,88.0,0.0,0.47
325,aklavik,ca,68.22,-135.01,62.6,45.0,75.0,10.29
327,carauari,br,-4.88,-66.9,73.98,98.0,8.0,2.48
329,north bend,us,43.41,-124.22,60.8,59.0,1.0,10.29
330,beitbridge,zw,-22.21,29.99,55.81,80.0,0.0,3.94
331,ginir,et,7.14,40.71,56.7,87.0,0.0,4.61
332,havoysund,no,71.0,24.66,41.0,93.0,75.0,18.34
336,port hawkesbury,ca,45.62,-61.36,51.8,81.0,1.0,6.93
338,hambantota,lk,6.12,81.12,80.29,100.0,68.0,16.02
340,magnolia,us,33.27,-93.24,84.2,69.0,1.0,3.38
341,paso de carrasco,uy,-34.86,-56.05,51.8,81.0,75.0,14.99
346,bhadasar,in,28.3,74.31,97.56,21.0,0.0,5.5
347,yangambi,cd,0.77,24.47,72.72,96.0,20.0,2.15
348,ayia marina,gr,37.75,23.53,75.2,31.0,0.0,6.93
349,kavaratti,in,10.57,72.64,77.31,100.0,92.0,15.01
352,verkhoyansk,ru,67.55,133.39,46.71,88.0,88.0,9.53
353,butaritari,ki,3.07,172.79,83.52,100.0,32.0,8.08
355,cidreira,br,-30.17,-50.22,59.41,99.0,100.0,14.0
356,saint george,bm,39.45,22.34,66.2,45.0,0.0,5.82
359,comodoro rivadavia,ar,-45.87,-67.48,33.8,64.0,0.0,6.93
360,mabaruma,gy,8.2,-59.78,76.32,98.0,88.0,6.73
363,trelew,ar,-43.25,-65.31,25.3,86.0,0.0,5.73
365,iqaluit,ca,63.75,-68.52,28.4,86.0,90.0,14.99
367,lavrentiya,ru,65.58,-170.99,32.4,98.0,92.0,15.23
368,taltal,cl,-25.41,-70.49,45.55,90.0,12.0,2.37
370,matranovak,hu,48.04,19.98,61.56,87.0,12.0,1.92
371,mmabatho,za,-25.85,25.61,37.4,69.0,0.0,4.7
373,vila franca do campo,pt,37.72,-25.43,64.4,82.0,20.0,8.05
375,beringovskiy,ru,63.05,179.32,35.91,95.0,92.0,7.96
379,bandarbeyla,so,9.49,50.81,80.01,82.0,92.0,25.08
381,mendi,et,9.8,35.1,60.94,98.0,92.0,2.59
382,soldotna,us,60.48,-151.07,62.6,41.0,1.0,13.87
386,ancud,cl,-41.87,-73.83,33.4,84.0,0.0,5.73
388,east london,za,-33.02,27.91,62.19,100.0,0.0,7.63
390,hudson bay,ca,52.86,-102.4,46.9,98.0,100.0,10.2
393,batemans bay,au,-35.71,150.18,55.18,97.0,100.0,13.44
396,biskamzha,ru,53.45,89.53,63.0,59.0,0.0,2.71
401,port alfred,za,-33.59,26.89,55.18,100.0,0.0,5.61
406,ayan,ru,40.67,33.6,40.6,85.0,0.0,2.15
412,eureka,us,40.8,-124.16,59.0,62.0,1.0,14.99
415,dubovka,ru,49.06,44.83,33.8,69.0,0.0,2.24
418,ahipara,nz,-35.17,173.16,58.32,100.0,92.0,24.74
420,clemson,us,34.69,-82.84,73.4,94.0,1.0,6.93
427,lagoa,pt,37.14,-8.45,59.0,77.0,0.0,8.05
430,alofi,nu,-19.06,-169.92,77.0,78.0,75.0,14.99
431,ayr,au,55.46,-4.63,57.2,100.0,40.0,2.24
435,novobelokatay,ru,55.7,58.96,36.55,68.0,0.0,8.63
439,torbay,ca,47.66,-52.73,39.2,100.0,90.0,4.7
443,bukachacha,ru,52.99,116.91,81.1,42.0,0.0,6.51
444,kurdzhinovo,ru,43.99,40.96,44.46,96.0,76.0,2.04
445,tolmachevo,ru,55.36,38.22,44.6,70.0,0.0,6.71
447,natal,br,-5.81,-35.21,75.2,88.0,20.0,5.82
449,kodino,ru,63.72,39.64,47.8,89.0,68.0,9.75
450,clyde river,ca,70.47,-68.59,30.2,92.0,90.0,16.11
452,kodiak,us,39.95,-94.76,87.8,52.0,1.0,11.41
453,severo-kurilsk,ru,50.68,156.12,42.4,88.0,76.0,8.97
455,chara,ru,39.42,22.43,66.2,45.0,0.0,5.82
456,kungurtug,ru,50.6,97.53,47.97,54.0,0.0,5.5
457,provideniya,ru,64.42,-173.23,32.95,95.0,92.0,16.58
458,muli,mv,22.62,71.45,86.14,69.0,0.0,9.64
461,magugu,tz,-4.02,35.77,60.48,97.0,76.0,2.93
463,kisarawe,tz,-6.9,39.07,73.4,100.0,20.0,4.7
465,balabac,ph,7.99,117.06,81.45,100.0,80.0,13.78
479,lompoc,us,34.64,-120.46,69.8,43.0,1.0,12.75
480,sur,om,22.57,59.53,88.11,80.0,0.0,5.17
482,amalfi,co,6.91,-75.07,72.36,97.0,64.0,1.48
484,pisco,pe,-13.71,-76.2,64.4,77.0,90.0,10.29
488,kudahuvadhoo,mv,2.67,72.89,84.87,96.0,48.0,17.58
489,bonavista,ca,48.65,-53.11,40.15,93.0,88.0,3.71
490,satipo,pe,-11.26,-74.64,63.81,96.0,8.0,0.58
491,broome,au,52.47,1.45,64.4,93.0,88.0,3.36
493,marawi,sd,8.0,124.29,75.79,94.0,88.0,3.04
494,touros,br,-5.2,-35.46,74.89,98.0,0.0,8.63
495,souillac,mu,45.6,-0.6,59.0,87.0,0.0,2.24
496,port victoria,ke,-34.5,137.49,60.66,87.0,64.0,7.96
497,pionerskiy,ru,61.2,62.86,36.27,92.0,88.0,5.73
502,ilulissat,gl,69.22,-51.1,33.8,64.0,12.0,2.24
507,tessalit,ml,20.2,1.01,89.73,17.0,88.0,6.73
511,kalaleh,ir,37.38,55.49,64.08,97.0,88.0,4.5
512,fort nelson,ca,58.81,-122.69,66.2,34.0,75.0,11.41
513,kahului,us,20.89,-156.47,84.2,51.0,40.0,19.46
517,lebu,cl,8.96,38.73,43.65,93.0,36.0,2.59
518,madimba,tz,4.42,9.93,73.4,100.0,75.0,4.7
520,dongsheng,cn,29.72,112.52,68.85,94.0,92.0,7.74
522,katherine,au,-14.47,132.26,78.8,47.0,0.0,16.11
523,lagos,ng,6.46,3.39,78.94,95.0,36.0,6.96
524,flinders,au,-34.58,150.85,59.0,51.0,90.0,20.8
525,te anau,nz,-45.41,167.72,40.69,88.0,68.0,2.71
527,berja,es,36.85,-2.95,64.4,88.0,0.0,3.36
528,lulea,se,65.58,22.15,51.8,66.0,0.0,6.93
529,chake chake,tz,-5.25,39.77,78.21,100.0,12.0,11.99
533,paamiut,gl,61.99,-49.67,37.26,93.0,92.0,39.84
535,mahuva,in,21.09,71.76,84.43,100.0,44.0,12.1
539,ordu,tr,40.98,37.88,48.96,88.0,0.0,1.03
540,shingu,jp,33.72,135.99,73.4,53.0,20.0,6.93
544,changde,cn,29.04,111.68,65.25,100.0,92.0,5.95
548,hervey bay,au,-25.3,152.85,66.51,98.0,0.0,7.07
551,sistranda,no,63.73,8.83,46.4,93.0,0.0,4.7
552,barela,in,23.1,80.05,88.75,50.0,0.0,7.96
554,manyana,bw,-35.26,150.51,59.0,51.0,90.0,20.8
555,pimenta bueno,br,-11.68,-61.19,73.26,90.0,20.0,3.6
556,ugoofaaru,mv,5.67,73,83.61,99.0,80.0,20.27
559,kununurra,au,-15.77,128.74,80.6,21.0,0.0,13.87
560,mumbwa,zm,-14.99,27.06,48.51,73.0,0.0,4.16
562,lensk,ru,60.71,114.91,45.36,99.0,92.0,3.15
563,maraa,br,-1.83,-65.37,74.61,97.0,76.0,5.06
573,aloleng,ph,16.13,119.78,88.2,93.0,8.0,8.19
574,kawalu,id,-7.38,108.21,79.56,63.0,8.0,2.37
578,herrin,us,37.8,-89.03,82.4,83.0,1.0,4.7
581,sao marcos,br,-28.97,-51.07,57.51,100.0,92.0,4.61
584,meulaboh,id,4.14,96.13,84.87,100.0,0.0,3.49
591,lexington,us,38.05,-84.5,77.0,88.0,40.0,3.36
594,jadu,ly,31.95,12.03,68.05,51.0,0.0,9.08
595,luderitz,na,-26.65,15.16,52.93,88.0,0.0,6.73
597,champerico,gt,16.38,-93.6,77.0,78.0,75.0,1.92
602,pauini,br,-7.71,-67,72.36,97.0,12.0,5.39
605,itaunja,in,27.08,80.92,78.8,78.0,90.0,16.11
612,evensk,ru,61.92,159.24,41.76,94.0,0.0,4.38
614,povenets,ru,62.85,34.83,52.02,73.0,0.0,7.63
615,somerset,us,37.09,-84.6,75.2,83.0,1.0,3.6
618,walvis bay,na,-22.95,14.51,46.4,70.0,0.0,6.93
622,imbituba,br,-28.24,-48.67,71.6,73.0,0.0,6.93
623,nacala,mz,-14.56,40.69,73.71,100.0,0.0,11.1
628,kailua,us,21.39,-157.74,84.2,69.0,90.0,8.05
631,porto novo,cv,-23.68,-45.44,64.4,63.0,0.0,3.71
632,arraial do cabo,br,-22.97,-42.02,71.46,92.0,0.0,17.69
637,maniitsoq,gl,65.42,-52.9,32.76,97.0,92.0,5.5
639,llaillay,cl,-32.84,-70.95,46.4,93.0,0.0,4.7
642,cortez,us,37.35,-108.58,80.6,7.0,1.0,10.29
643,angouleme,fr,45.65,0.15,59.0,93.0,0.0,5.82
645,victor harbor,au,-35.55,138.62,59.0,41.0,0.0,5.82
647,richards bay,za,-28.77,32.06,59.58,95.0,8.0,3.38
648,okhotsk,ru,59.36,143.24,51.76,68.0,80.0,10.2
653,axim,gh,4.87,-2.24,81.36,98.0,76.0,6.96
654,kirovskiy,kz,45.09,133.51,77.31,66.0,0.0,5.17
663,bariri,br,-22.07,-48.74,69.21,66.0,80.0,4.16
666,ojinaga,mx,29.56,-104.41,89.73,24.0,68.0,6.51
668,north myrtle beach,us,33.83,-78.68,82.4,88.0,1.0,8.05
669,beidao,cn,34.57,105.89,66.96,77.0,8.0,0.58
671,sechenovo,ru,55.22,45.89,41.58,67.0,24.0,10.76
674,adrar,dz,27.87,-0.29,86.0,23.0,36.0,9.17
675,imphal,in,24.8,93.94,75.43,92.0,64.0,2.59
677,nuuk,gl,64.17,-51.74,35.6,93.0,92.0,42.5
681,morros,br,-2.87,-44.04,77.0,88.0,75.0,6.93
684,shagonar,ru,51.54,92.92,55.9,59.0,0.0,2.71
687,tafresh,ir,34.69,50.01,59.41,55.0,0.0,2.04
689,bubaque,gw,11.28,-15.83,77.0,83.0,0.0,5.82
693,moron,mn,10.49,-68.2,82.4,74.0,40.0,3.36
694,coihaique,cl,-45.58,-72.07,19.4,92.0,0.0,2.24
697,sao jose de ribamar,br,-2.56,-44.05,77.0,88.0,75.0,6.93
699,clarksburg,us,39.28,-80.34,71.6,100.0,90.0,5.82
700,sira,in,13.74,76.91,74.35,98.0,88.0,4.5
704,sernur,ru,56.93,49.15,40.5,66.0,0.0,9.08
707,vredendal,za,-31.68,18.49,52.2,100.0,80.0,2.93
710,tevaitoa,pf,-16.78,-151.5,80.19,100.0,0.0,6.73
716,atar,mr,20.52,-13.05,74.61,54.0,0.0,3.71
719,manta,ec,45.1,24.1,58.6,96.0,20.0,5.17
720,ulladulla,au,-35.36,150.48,59.0,51.0,90.0,20.8
723,bela vista,br,-22.11,-56.53,56.52,100.0,92.0,8.63
738,pindiga,ng,9.98,10.93,76.5,75.0,8.0,9.75
740,punta gorda,bz,26.93,-82.05,82.4,83.0,1.0,5.82
750,kunya,ru,12.22,8.53,84.2,66.0,0.0,10.29
756,sorland,no,67.67,12.69,45.81,98.0,88.0,16.24
757,port shepstone,za,-30.74,30.45,62.82,85.0,0.0,4.94
759,yumen,cn,40.29,97.04,65.25,23.0,0.0,14.45
761,santa catarina de tepehuanes,mx,25.34,-105.72,57.43,90.0,80.0,2.37
762,lorengau,pg,-2.02,147.27,81.72,100.0,68.0,1.03
765,kavieng,pg,-2.57,150.8,78.4,100.0,48.0,6.51
766,huanren,cn,41.26,125.37,76.41,59.0,0.0,3.71
769,vardo,no,39.62,-77.74,80.6,88.0,75.0,8.05
773,jacareacanga,br,-6.22,-57.76,77.85,86.0,32.0,2.04
774,mandalgovi,mn,45.76,106.27,52.66,41.0,24.0,24.07
778,deputatskiy,ru,69.3,139.9,42.12,71.0,36.0,6.73
791,mbale,ug,1.07,34.17,60.4,97.0,68.0,2.37
796,banda aceh,id,5.56,95.32,86.22,70.0,0.0,0.92
797,novochernorechenskiy,ru,56.27,91.08,68.68,49.0,0.0,6.4
798,lemgo,de,52.03,8.9,66.2,100.0,90.0,10.29
801,zhanaozen,kz,43.35,52.85,57.79,39.0,0.0,10.54
802,kysyl-syr,ru,63.9,122.77,53.91,50.0,36.0,11.21
807,catabola,ao,-12.14,17.29,48.25,69.0,0.0,2.93
811,nouakchott,mr,18.08,-15.98,71.1,89.0,0.0,16.8
815,shaunavon,ca,49.65,-108.41,46.35,97.0,80.0,19.26
821,pteleos,gr,39.05,22.95,66.2,45.0,0.0,5.82
825,jabinyanah,tn,35.03,10.91,67.15,83.0,44.0,6.73
829,jumla,np,29.28,82.18,44.65,92.0,0.0,2.04
830,kamalpur,in,24.17,91.81,77.0,94.0,40.0,2.71
831,esperance,au,10.24,-61.45,80.6,78.0,20.0,11.41
838,zhigansk,ru,66.77,123.37,43.92,76.0,92.0,12.77
839,talnakh,ru,69.49,88.39,36.72,86.0,68.0,8.08
841,bulembu,sz,-25.95,31.13,57.2,54.0,0.0,5.82
842,belyy yar,ru,53.6,91.39,57.2,62.0,0.0,2.24
851,saldanha,za,41.42,-6.55,50.95,97.0,92.0,1.14
858,nevers,fr,46.99,3.16,53.6,93.0,0.0,2.71
859,mahajanga,mg,-15.72,46.32,69.8,83.0,40.0,4.7
860,tiksi,ru,71.64,128.87,30.96,96.0,92.0,14.23
867,knoxville,us,35.96,-83.92,78.8,65.0,75.0,4.7
870,dingle,ie,11.0,122.67,80.37,97.0,88.0,7.07
877,sainte-rose,re,45.61,-73.79,78.8,69.0,90.0,8.05
879,chaumont,fr,48.11,5.14,60.8,93.0,90.0,2.71
884,alyangula,au,-13.85,136.42,80.82,84.0,8.0,13.67
886,raudeberg,no,61.99,5.14,57.2,93.0,0.0,4.7
894,alugan,ph,12.22,125.48,82.98,100.0,44.0,3.94
897,novopokrovka,ru,45.85,134.51,77.58,61.0,0.0,4.61
901,caxambu,br,-21.98,-44.93,45.36,84.0,0.0,2.48
904,tromso,no,69.65,18.96,42.8,87.0,90.0,14.99
907,mount gambier,au,-37.83,140.78,54.1,88.0,64.0,3.38
908,myanaung,mm,18.28,95.32,77.5,100.0,64.0,4.61
918,jawhar,so,19.91,73.23,82.98,81.0,64.0,3.49
921,grants pass,us,42.44,-123.33,78.8,39.0,0.0,5.82
939,haapiti,pf,-17.57,-149.87,82.4,65.0,75.0,14.99
942,barreirinha,br,-2.8,-57.07,80.46,74.0,8.0,5.17
944,oyama,jp,36.31,139.8,71.6,56.0,75.0,1.12
946,halifax,ca,44.65,-63.58,71.6,78.0,75.0,3.36
947,seoul,kr,37.57,126.98,78.8,41.0,0.0,3.36
950,srikakulam,in,18.29,83.89,85.15,100.0,8.0,2.59
954,yerbogachen,ru,61.28,108.01,44.2,100.0,92.0,9.08
958,jalu,ly,29.03,21.55,70.11,40.0,0.0,9.98
960,nakusp,ca,50.24,-117.8,50.4,61.0,80.0,1.59
962,santa cruz,cr,36.97,-122.03,77.0,38.0,1.0,12.75
964,valdez,ec,61.13,-146.35,62.6,42.0,20.0,10.29
973,mitchell,us,43.71,-98.03,75.2,57.0,75.0,26.4
974,saltillo,mx,25.42,-100.99,80.6,34.0,5.0,11.41
980,birjand,ir,32.86,59.22,77.0,16.0,0.0,16.11
981,usinsk,ru,66.0,57.56,35.01,79.0,36.0,10.09
989,husavik,is,50.56,-96.99,60.94,63.0,80.0,19.82
999,dali,cn,25.6,100.24,70.3,72.0,56.0,1.7
1001,fairbanks,us,64.84,-147.72,62.6,51.0,75.0,4.7
1002,laguna,br,27.52,-110.01,104.0,14.0,75.0,17.22
1009,kalabo,zm,-15.0,22.67,51.66,71.0,0.0,3.04
1013,kabalo,cd,-6.05,26.92,65.61,70.0,0.0,4.94
1014,aljezur,pt,37.31,-8.8,59.5,100.0,68.0,15.79
1018,yakima,us,46.6,-120.51,75.2,23.0,1.0,5.82
1021,kirensk,ru,57.78,108.12,57.43,59.0,68.0,7.52
1023,kaeo,nz,-35.1,173.78,57.69,96.0,92.0,23.85
1024,winslow,us,51.94,-0.88,60.8,93.0,92.0,8.05
1028,bathsheba,bb,13.22,-59.52,78.8,83.0,40.0,20.8
1029,hasaki,jp,35.73,140.83,73.4,60.0,75.0,5.82
1037,kamaishi,jp,39.28,141.86,66.2,68.0,20.0,2.24
1039,buloh kasap,my,2.55,102.76,77.0,94.0,75.0,4.7
1040,grand gaube,mu,-20.01,57.66,68.0,88.0,75.0,5.82
1041,aguada de pasajeros,cu,22.38,-80.85,77.0,83.0,68.0,5.82
1044,altay,cn,47.83,88.13,57.6,41.0,0.0,2.48
1048,aquiraz,br,-3.9,-38.39,80.6,83.0,40.0,8.05
1050,den helder,nl,52.96,4.76,55.4,100.0,75.0,6.93
1053,junction city,us,39.03,-96.83,89.6,66.0,20.0,17.22
1059,susehri,tr,40.16,38.09,41.58,93.0,48.0,1.92
1060,san andres,co,13.32,122.68,82.18,100.0,64.0,9.19
1063,kamenka,ru,53.19,44.05,43.2,52.0,8.0,10.65
1068,porto velho,br,-8.75,-63.87,75.2,94.0,20.0,2.59
1069,vestmannaeyjar,is,63.44,-20.27,44.1,90.0,0.0,12.44
1071,madona,lv,56.85,26.22,52.39,73.0,68.0,4.16
1075,libreville,ga,0.39,9.45,78.8,88.0,75.0,11.41
1078,toora-khem,ru,52.47,96.11,56.7,50.0,0.0,3.04
1079,bilibino,ru,68.06,166.44,41.5,65.0,76.0,7.07
1080,kurush,ru,41.28,47.83,42.76,100.0,92.0,1.03
1091,leo,bf,11.1,-2.1,76.32,76.0,8.0,6.73
1098,batticaloa,lk,7.71,81.69,84.96,95.0,36.0,6.73
1100,petatlan,mx,17.52,-101.27,87.8,70.0,20.0,5.82
1101,gizo,sb,31.8,34.94,69.8,77.0,20.0,5.82
1103,avera,pf,33.19,-82.53,73.4,94.0,1.0,3.36
1106,copiapo,cl,-27.37,-70.33,50.0,81.0,0.0,3.36
1113,dutlwe,bw,-23.98,23.93,42.12,62.0,0.0,3.15
1115,worland,us,44.02,-107.96,60.8,55.0,20.0,11.41
1118,vila velha,br,-3.71,-38.6,80.6,83.0,40.0,8.05
1119,zhaotong,cn,27.34,103.71,58.15,97.0,100.0,3.15
1120,rypefjord,no,70.63,23.67,41.0,93.0,75.0,18.34
1126,wichita falls,us,33.91,-98.49,93.2,38.0,1.0,18.34
1131,derzhavinsk,kz,51.1,66.31,52.56,100.0,92.0,15.57
1132,barra patuca,hn,15.8,-84.28,82.98,86.0,76.0,12.21
1134,leninskoye,ru,54.82,82.85,64.4,48.0,0.0,15.66
1135,mathbaria,bd,22.29,89.96,86.68,92.0,48.0,4.5
1136,alta floresta,br,-9.87,-56.08,81.19,55.0,68.0,3.6
1137,hami,cn,42.84,93.51,75.69,39.0,0.0,6.4
1138,gold coast,au,-28.0,153.41,68.0,40.0,0.0,6.93
1139,belaya gora,ru,68.54,146.19,41.85,71.0,20.0,11.65
1149,sao miguel do araguaia,br,-13.28,-50.16,66.51,87.0,0.0,2.48
1150,carballo,es,43.21,-8.69,55.4,100.0,0.0,1.92
1152,nara,ml,34.68,135.8,75.2,73.0,20.0,4.7
1154,gao,ml,16.28,-0.04,85.32,45.0,8.0,10.65
1155,baijiantan,cn,45.63,85.18,73.81,27.0,0.0,6.06
1157,selkirk,ca,50.15,-96.88,60.8,67.0,75.0,14.99
1160,taoudenni,ml,22.68,-3.98,85.77,24.0,24.0,11.21
1164,tursunzoda,tj,38.51,68.23,68.0,60.0,0.0,4.47
1166,saint-raymond,ca,46.89,-71.84,69.8,88.0,20.0,8.97
1168,oktyabrskoye,ru,56.73,85.44,70.83,40.0,24.0,9.08
1175,port moresby,pg,-9.47,147.16,84.2,74.0,75.0,18.34
1176,sucua,ec,-2.46,-78.17,64.08,91.0,68.0,3.71
1182,svetlaya,ru,46.54,138.33,54.72,77.0,24.0,8.52
1184,abha,sa,18.22,42.5,69.8,68.0,0.0,1.92
1185,palmer,us,-34.85,139.16,59.0,41.0,0.0,5.82
1186,kaohsiung,tw,22.62,120.31,87.8,62.0,20.0,8.05
1188,red bluff,us,40.18,-122.24,89.6,13.0,1.0,10.29
1192,camacha,pt,33.08,-16.33,62.6,67.0,75.0,10.29
1194,belmonte,br,40.36,-7.35,47.97,89.0,0.0,6.06
1197,misratah,ly,32.38,15.09,68.68,96.0,32.0,6.96
1198,kupang,id,-10.16,123.6,84.51,75.0,20.0,16.24
1207,hamada,jp,34.9,132.08,71.6,68.0,0.0,5.82
1208,ozinki,ru,51.2,49.73,45.55,49.0,0.0,10.76
1221,dukat,ru,42.44,22.31,52.93,83.0,0.0,2.48
1225,inuvik,ca,68.36,-133.71,62.6,45.0,75.0,10.29
1227,sabha,ly,27.03,14.43,89.2,18.0,92.0,2.59
1230,young,au,-32.7,-57.63,45.19,91.0,0.0,12.1
1234,barinas,ve,8.64,-70.23,77.68,83.0,44.0,2.71
1240,houma,us,35.63,111.36,73.98,59.0,0.0,3.04
1243,harper,lr,30.3,-99.24,93.2,35.0,1.0,10.29
1246,carutapera,br,-1.2,-46.02,77.5,93.0,92.0,6.4
1247,udachnyy,ru,66.42,112.4,44.91,64.0,0.0,5.06
1249,sukhoy log,ru,56.9,62.03,39.42,58.0,0.0,7.52
1260,salinas,ec,36.67,-121.66,75.2,38.0,1.0,12.75
1267,fujin,cn,47.24,132.03,73.0,83.0,48.0,15.68
1273,san quintin,mx,17.54,120.52,91.4,66.0,20.0,6.93
1280,christiana,za,-27.91,25.16,30.7,67.0,0.0,4.38
1283,oskarshamn,se,57.26,16.44,46.4,100.0,0.0,2.15
1284,yatou,cn,3.63,9.81,73.4,100.0,75.0,4.7
1285,maldonado,uy,-34.91,-54.96,53.6,71.0,90.0,17.22
1287,katangli,ru,51.71,143.23,47.26,66.0,0.0,3.94
1297,kristianstad,se,56.03,14.16,51.8,100.0,8.0,2.24
1300,rovereto,it,45.89,11.05,64.4,77.0,0.0,1.12
1307,buchmany,ua,51.07,28.04,56.16,44.0,8.0,11.1
1317,bobrovka,ru,52.3,45.54,40.69,58.0,0.0,10.65
1319,muros,es,42.77,-9.06,51.8,100.0,40.0,4.7
1321,waingapu,id,-9.65,120.26,84.6,63.0,36.0,11.54
1327,nagato,jp,34.35,131.14,71.6,83.0,0.0,8.05
1334,maceio,br,-9.67,-35.74,71.6,94.0,20.0,4.7
1335,saint-francois,gp,46.42,3.91,51.8,93.0,20.0,2.24
1342,cibitoke,bi,-2.89,29.12,54.81,88.0,64.0,2.04
1350,katsuura,jp,33.93,134.5,71.6,68.0,20.0,3.36
1359,nampa,us,43.57,-116.56,73.4,33.0,1.0,9.17
1363,kuala selangor,my,3.34,101.25,78.8,94.0,90.0,1.12
1364,srednekolymsk,ru,67.46,153.71,36.81,75.0,88.0,3.38
1367,talcahuano,cl,-36.72,-73.12,42.8,93.0,0.0,3.36
1368,coquimbo,cl,-29.95,-71.34,50.0,81.0,0.0,2.24
1370,recodo,ph,13.03,121.49,80.46,100.0,68.0,3.15
1372,grindavik,is,63.84,-22.43,42.8,100.0,40.0,5.82
1380,shunyi,cn,40.13,116.65,84.2,32.0,0.0,4.47
1391,luanda,ao,-8.83,13.24,74.7,97.0,88.0,4.5
1392,alamosa,us,37.47,-105.87,73.4,14.0,1.0,12.66
1393,homer,us,59.64,-151.54,55.4,58.0,40.0,16.11
1397,kihei,us,20.76,-156.45,84.2,51.0,40.0,19.46
1398,port-gentil,ga,-0.72,8.78,78.21,100.0,88.0,9.53
1400,williamsport,us,41.25,-77,75.2,83.0,90.0,6.93
1407,ginda,er,30.69,78.49,61.3,97.0,8.0,1.48
1411,cayenne,gf,4.94,-52.33,77.0,88.0,90.0,3.36
1413,waipawa,nz,-39.94,176.59,51.85,73.0,64.0,7.74
1422,bend,us,44.06,-121.32,71.6,19.0,1.0,9.17
1424,bulgan,mn,48.81,103.53,44.2,86.0,68.0,11.54
1425,merritt island,us,28.54,-80.67,82.4,88.0,20.0,4.7
1426,nsanje,mw,-16.92,35.26,55.26,85.0,0.0,2.48
1431,kuala kedah,my,6.11,100.29,80.6,88.0,75.0,1.12
1437,bloomfield,us,40.75,-92.42,84.2,51.0,1.0,6.62
1439,san benedetto del tronto,it,42.95,13.88,68.0,88.0,0.0,3.36
1447,ponta delgada,pt,37.73,-25.67,64.4,82.0,20.0,8.05
1450,abu samrah,qa,35.3,37.18,60.48,94.0,8.0,5.95
1470,agirish,ru,61.92,63.02,35.1,96.0,92.0,6.17
1472,isla vista,us,34.41,-119.86,69.8,43.0,1.0,12.75
1480,qixingtai,cn,30.41,111.89,68.14,99.0,92.0,4.16
1485,kaiu,ee,59.01,25.06,55.4,87.0,20.0,3.36
1488,otavi,na,-19.64,17.34,46.08,73.0,0.0,4.5
1489,linhares,br,-19.38,-40.06,66.96,97.0,20.0,2.71
1490,jaguarari,br,-10.26,-40.2,67.69,93.0,8.0,7.52
1497,topsham,us,50.69,-3.47,59.0,93.0,75.0,1.12
1501,inirida,co,3.87,-67.92,72.72,96.0,76.0,1.92
1503,bada,ru,12.41,4.51,74.16,88.0,0.0,5.39
1509,puerto ayacucho,ve,5.66,-67.63,78.8,88.0,40.0,5.82
1510,corning,us,42.14,-77.05,68.0,100.0,20.0,4.7
1513,guaruja,br,-23.99,-46.26,69.8,40.0,0.0,6.93
1514,omsukchan,ru,62.53,155.8,43.47,58.0,36.0,5.17
1517,marabba,sd,12.35,32.18,75.33,86.0,48.0,6.73
1527,freilassing,de,47.84,12.98,60.8,87.0,75.0,8.05
1533,chauk,mm,20.89,94.82,80.1,88.0,64.0,9.98
1540,kautokeino,no,69.01,23.04,45.55,64.0,76.0,5.5
1541,yauya,pe,-8.99,-77.29,42.85,97.0,88.0,1.03
1546,springbok,za,-29.67,17.88,32.95,80.0,20.0,2.71
1549,monteagudo,bo,-19.8,-63.96,41.05,100.0,92.0,2.71
1551,sechura,pe,-5.56,-80.82,68.58,85.0,0.0,9.64
1555,byron bay,au,-28.65,153.62,68.0,40.0,0.0,6.93
1559,verkhnyaya inta,ru,65.99,60.32,34.11,79.0,92.0,6.4
1560,roslavl,ru,53.95,32.86,50.05,63.0,12.0,9.64
1564,tagab,af,34.85,69.65,64.4,31.0,0.0,5.82
1573,beruwala,lk,6.48,79.98,77.76,100.0,80.0,11.21
1574,karakol,kg,42.49,78.39,60.85,33.0,0.0,2.15
1577,port augusta,au,-32.49,137.76,59.0,44.0,20.0,8.05
1579,dzhebariki-khaya,ru,62.22,135.8,56.89,39.0,0.0,11.99
1580,san carlos del zulia,ve,9.0,-71.91,84.16,68.0,56.0,2.15
1582,qingdao,cn,36.09,120.35,73.4,56.0,0.0,11.18
1583,chilliwack,ca,49.17,-121.95,60.8,51.0,75.0,10.29
1585,monrovia,lr,6.33,-10.8,75.2,94.0,75.0,6.93
1597,batagay,ru,67.65,134.64,47.16,89.0,92.0,8.08
1599,atasu,kz,48.68,71.64,68.85,39.0,32.0,9.64
1600,grand-lahou,ci,5.24,-5,75.51,96.0,36.0,3.94
1602,carlton,gb,46.66,-92.42,44.6,70.0,90.0,14.99
1603,araouane,ml,18.9,-3.53,82.45,21.0,24.0,3.15
1606,vikhorevka,ru,56.12,101.17,59.0,58.0,20.0,15.66
1612,alice,za,27.75,-98.07,87.8,83.0,1.0,14.99
1616,hovd,mn,63.83,10.7,48.2,87.0,0.0,8.05
1618,sainte-maxime,fr,43.31,6.64,66.2,93.0,0.0,2.24
1635,faya,td,18.39,42.45,69.8,68.0,0.0,2.71
1636,egvekinot,ru,66.32,-179.17,33.12,94.0,80.0,8.63
1637,boundiali,ci,9.53,-6.48,70.02,98.0,56.0,6.51
1645,pleszew,pl,51.9,17.79,64.35,83.0,20.0,4.72
1652,karpogory,ru,64.0,44.44,39.79,98.0,92.0,3.38
1655,mindelo,cv,41.31,-8.72,59.0,87.0,90.0,8.05
1664,novosibirsk,ru,55.03,82.92,64.4,48.0,0.0,15.66
1665,nowshera,pk,34.02,71.98,78.8,41.0,5.0,4.7
1670,tanete,id,-3.94,119.78,85.32,72.0,36.0,9.08
1685,mfou,cm,3.72,11.64,68.0,100.0,75.0,1.14
1694,las varas,mx,21.18,-105.14,84.2,94.0,90.0,4.7
1705,brownsville,us,25.91,-97.49,86.0,74.0,75.0,16.11
1710,high level,ca,58.52,-117.13,60.8,59.0,75.0,9.17
1713,college,us,64.86,-147.8,62.6,51.0,75.0,4.7
1727,uige,ao,-7.61,15.06,64.18,97.0,8.0,2.15
1728,sumbawanga,tz,-7.95,31.62,67.69,82.0,0.0,10.09
1729,nelson,ca,49.49,-117.29,62.6,63.0,75.0,9.17
1732,wadi musa,jo,30.32,35.48,57.51,91.0,0.0,1.92
1741,atambua,id,-9.11,124.89,84.25,82.0,20.0,10.54
1742,cartagena,co,37.63,-1,53.29,95.0,20.0,1.59
1747,boueni,yt,-12.9,45.08,77.0,83.0,0.0,11.41
1751,sorong,id,-0.86,131.25,82.08,100.0,24.0,2.59
1753,rafina,gr,38.02,24.01,75.2,31.0,0.0,10.29
1754,naze,jp,5.43,7.07,74.97,93.0,44.0,3.71
1755,barra do bugres,br,-15.07,-57.19,70.02,95.0,32.0,9.19
1758,ichhawar,in,23.03,77.02,86.0,48.0,75.0,4.7
1760,heze,cn,35.25,115.45,81.72,59.0,76.0,4.38
1761,tiarei,pf,-17.53,-149.33,82.4,65.0,75.0,14.99
1765,tainan,tw,22.99,120.21,87.8,58.0,40.0,2.24
1766,mikhaylovka,ru,52.96,103.29,60.66,60.0,8.0,7.4
1768,burnie,au,-41.05,145.91,55.71,100.0,0.0,3.15
1769,glendive,us,47.11,-104.71,55.4,100.0,40.0,18.34
1771,gobabis,na,-22.45,18.97,42.04,40.0,0.0,6.4
1772,nome,us,30.04,-94.42,84.2,74.0,40.0,8.05
1776,angoram,pg,-4.06,144.07,85.41,76.0,68.0,2.59
1788,wanaka,nz,-44.7,169.14,34.92,73.0,0.0,2.48
1792,lidkoping,se,58.51,13.16,53.6,100.0,0.0,3.36
1794,kavalerovo,ru,44.27,135.06,73.08,66.0,68.0,3.04
1798,vestmanna,fo,62.16,-7.17,46.4,100.0,90.0,3.36
1801,djibo,bf,14.1,-1.63,77.68,72.0,0.0,4.61
1807,fethiye,tr,36.62,29.12,64.4,77.0,0.0,4.7
1811,dingzhou,cn,38.51,115,80.6,42.0,0.0,4.47
1825,langham,ca,52.36,-106.96,48.2,100.0,90.0,12.75
1826,chengde,cn,40.97,117.93,80.29,48.0,36.0,5.73
1838,yulara,au,-25.24,130.99,62.6,23.0,0.0,12.75
1839,veraval,in,49.65,0.71,59.0,93.0,90.0,4.7
1846,auki,sb,12.18,6.51,71.01,90.0,0.0,3.6
1847,sol-iletsk,ru,51.16,55,42.04,64.0,48.0,12.1
1854,gillette,us,44.29,-105.5,55.26,62.0,32.0,14.12
1855,aykhal,ru,65.95,111.51,43.2,79.0,20.0,7.18
1857,port-cartier,ca,50.03,-66.88,50.0,87.0,75.0,18.34
1864,koumac,nc,-20.56,164.28,75.51,66.0,0.0,2.59
1868,port lincoln,au,-34.72,135.86,61.11,85.0,88.0,11.54
1871,mount isa,au,-20.73,139.49,69.8,19.0,0.0,9.17
1875,cao bang,vn,22.67,106.25,73.44,100.0,100.0,3.6
1878,beaupre,ca,47.04,-70.9,69.8,88.0,75.0,4.7
1879,blackfoot,us,43.19,-112.35,60.8,36.0,20.0,18.34
1887,kirakira,sb,-10.46,161.92,80.46,100.0,88.0,11.77
1891,henderson,us,36.04,-114.98,93.2,8.0,1.0,5.82
1898,yarensk,ru,62.17,49.09,40.95,57.0,80.0,3.71
1899,teluknaga,id,-6.1,106.64,84.2,74.0,20.0,4.7
1903,camacupa,ao,-12.02,17.48,48.25,69.0,0.0,2.93
1907,nouadhibou,mr,20.93,-17.03,68.0,72.0,36.0,18.34
1911,lundazi,zm,-12.29,33.17,60.21,60.0,0.0,10.54
1916,amurzet,ru,47.69,131.09,75.06,86.0,0.0,12.21
1919,matara,lk,-13.74,-72.9,26.65,76.0,0.0,1.92
1920,baghdad,iq,33.3,44.38,75.2,44.0,0.0,6.93
1922,kaduqli,sd,11.01,29.72,71.1,94.0,56.0,2.48
1924,olden,no,61.84,6.81,49.69,73.0,0.0,1.36
1925,nizwa,om,22.93,57.53,82.35,20.0,0.0,2.71
1927,clovis,us,36.83,-119.7,84.2,28.0,1.0,11.41
1928,martigny,ch,46.1,7.07,62.6,67.0,0.0,2.24
1929,waddan,ly,29.16,16.14,74.89,35.0,68.0,10.09
1930,beyneu,kz,45.32,55.19,51.66,36.0,0.0,13.56
1941,saurimo,ao,-9.66,20.4,59.14,42.0,0.0,7.07
1943,zemio,cf,5.02,25.13,69.4,95.0,24.0,2.59
1958,irara,br,-8.52,127.01,82.62,91.0,68.0,14.0
1965,laramie,us,41.31,-105.59,69.8,44.0,40.0,32.21
1975,riwaka,nz,-41.08,173,52.2,89.0,56.0,11.1
1988,poronaysk,ru,49.22,143.1,66.69,61.0,0.0,6.4
1995,haverfordwest,gb,51.8,-4.97,59.0,93.0,92.0,9.17
1997,puerto escondido,mx,15.86,-97.07,77.0,78.0,90.0,11.41
